Unnamed: 0,SMILES,label
387,COC(=O)CCC1=C2NC(\C=C3/N=C(/C=C4\N\C(=C/C5=N/C(=C\2)/C(CCC(O)=O)=C5C)C(C=C)=C4C)C2=CC=C([C@@H](C(=O)OC)[C@@]32C)C(=O)OC)=C1C,0
158,C1CN(CCN1CCOCCO)C2=NC3=CC=CC=C3SC4=CC=CC=C42,1
32,C1=CC=C2C(=C1)NC(=N2)C3=CSC=N3,1
9,CC1CC2=CC=CC=C2N1NC(=O)C3=CC(=C(C=C3)Cl)S(=O)(=O)N,1
147,C1CN(CCN1CCCN2C(=O)N3C=CC=CC3=N2)C4=CC(=CC=C4)Cl,1
342,CO[C@@]1(CC[C@@H](CC1)C1=NC(NC2=NNC(C)=C2)=CC(C)=N1)C(=O)N[C@@H](C)C1=CC=C(N=C1)N1C=C(F)C=N1,0
223,CNS(=O)(=O)CCC1=CC2=C(NC=C2C2CCN(C)CC2)C=C1,0
192,CN(C)C[C@H]1CCCC[C@@]1(C2=CC(=CC=C2)OC)O,1
3,C1=CC(=C(C(=C1)Cl)CC(=O)N=C(N)N)Cl,1
17,COCCCCC(=NOCCN)C1=CC=C(C=C1)C(F)(F)F,1
21,CC(C(=O)C1=CC(=CC=C1)Cl)NC(C)(C)C,1
22,CC(C)NCC(COC1=CC=C(C=C1)COCCOC(C)C)O,1
46,CCCC(=O)NC1=CC(=C(C=C1)OCC(CNC(C)C)O)C(=O)C,1
52,C1=CC=C(C=C1)NC(=O)CCCCCCC(=O)NO,1
58,CC(C)NCC(COC1=CC=C(C=C1)CC(=O)N)O,1
68,CC(C)C1=C(C(=CC=C1)C(C)C)O,1
70,C[C@@H](CC1=CC=CC=C1)NC(=O)[C@H](CCCCN)N,1
83,CC(C)NCC(COC1=CC=C(C=C1)CCOC)O,1
109,CC(=O)N[C@H](COC)C(=O)NCC1=CC=CC=C1,1
114,CCCCCCCN(CC)CCCC(C1=CC=C(C=C1)NS(=O)(=O)C)O,1
117,CC(C)NCC(C1=CC=C(C=C1)NS(=O)(=O)C)O,1
120,CCN(CC)CCNC(=O)C1=CC=C(C=C1)N,1
189,CCCCCCCCC1=CC=C(C=C1)CCC(CO)(CO)N,1
233,NC(=O)C1=CC=CC=C1O,0
248,CCOC1=C(C=CC=C1)C(N)=O,0
251,N[C@@H](COC(N)=O)CC1=CC=CC=C1,0
260,CCOC(=O)C(C)(C)OC1=CC=C(Cl)C=C1,0
264,C[C@](N)(CC1=CC=C(O)C=C1)C(O)=O,0
268,CC(N)C(=O)NC1=C(C)C=CC=C1C,0
270,CC[N+](C)(C)CC1=CC=CC=C1Br,0
273,CNC(C)(C)CC1=CC=CC=C1,0
274,CC(C)NCC(O)COC1=CC=CC=C1OCC=C,0
376,CN(C)C(=O)OC1=CC(=CC(OC(=O)N(C)C)=C1)C(O)CNC(C)(C)C,0
402,OP(O)(=O)C(SC1=CC=C(Cl)C=C1)P(O)(O)=O,0
333,CC#CC(=O)N1CCC[C@H]1C1=NC(=C2N1C=CN=C2N)C1=CC=C(C=C1)C(=O)NC1=CC=CC=N1,0
301,[H][C@]12SCC=C(N1C(=O)[C@H]2NC(=O)C(=N/OC)\C1=CSC(N)=N1)C(O)=O,0
393,CCN(CC)C(=O)N1CCN(C)CC1,0
164,CN(C)CC(C1=CC=C(C=C1)OC)C2(CCCCC2)O,1
258,COCC1=C(C2=CC=C(F)C=C2)C(\C=C\[C@@H](O)C[C@@H](O)CC(O)=O)=C(C(C)C)N=C1C(C)C,0
178,CC(C)(C)[C@@H](C(=O)N[C@@H](CC1=CC=CC=C1)[C@H](CN(CC2=CC=C(C=C2)C3=CC=CC=N3)NC(=O)[C@H](C(C)(C)C)NC(=O)OC)O)NC(=O)OC,1
94,CCOC(=O)C1=CN=CN1[C@H](C)C2=CC=CC=C2,1
404,[H][C@@]12C[C@@]3([H])[C@]4([H])CCC5=CC(=O)C=C[C@]5(C)[C@@]4([H])[C@@]([H])(O)C[C@]3(C)[C@@]1(N=C(C)O2)C(=O)COC(C)=O,0
219,CCN1C(=O)NC(C1=O)C1=CC=CC=C1,0
82,CCC(C)CC(C)CCCCCCCCC(=O)NC1C[C@H]([C@H](NC(=O)[C@@H]2[C@H](CCN2C(=O)[C@@H](NC(=O)[C@@H](NC(=O)[C@@H]3C[C@H](CN3C(=O)[C@@H](NC1=O)[C@@H](C)O)O)[C@@H]([C@H](C4=CC=C(C=C4)O)O)O)[C@@H](CCN)O)O)NCCN)O,1
4,CN1[C@@H]2CC[C@H]1CC(C2)OC(=O)C3=CNC4=CC=CC=C43,1
200,CN1[C@@H]2CCC[C@H]1CC(C2)NC(=O)C3=NN(C4=CC=CC=C43)C,1
305,[H][C@]12SC(C)(C)[C@@H](N1C(=O)[C@H]2NC(=O)C1=C(OCC)C=CC2=CC=CC=C12)C(O)=O,0
326,NC(=O)C1=C2NCC[C@@H](C3CCN(CC3)C(=O)C=C)N2N=C1C1=CC=C(OC2=CC=CC=C2)C=C1,0
10,CC(C)NC1=C(N=CC=C1)N2CCN(CC2)C(=O)C3=CC4=C(N3)C=CC(=C4)NS(=O)(=O)C,1
247,CC(C)C1=C(C)N(C)N(C1=O)C1=CC=CC=C1,0
167,CC1=C(C(=CC=C1)C)NC(=O)CN2CCN(CC2)CC(COC3=CC=CC=C3OC)O,1
365,OC1=CC=C(C=C1)C(=O)N\N=C\C1=CC=C(O1)[N+]([O-])=O,0
213,CN1C(=O)OC(C)(C)C1=O,0
236,CCC(=O)NC[C@@H]1C[C@H]1C1=CC=CC2=C1CCO2,0
372,CCCCC1(CCCC)CS(=O)(=O)C2=CC=C(C=C2[C@H]([C@H]1O)C1=CC=C(OCC2=CC=C(C[N+]34CCN(CC3)CC4)C=C2)C=C1)N(C)C,0
151,CN1CCN2C(C1)C3=CC=CC=C3CC4=C2N=CC=C4,1
37,C1CSC2=N[C@H](CN21)C3=CC=CC=C3,1
174,C[C@H](C1=C(C=CC(=C1Cl)F)Cl)OC2=C(N=CC(=C2)C3=CN(N=C3)C4CCNCC4)N,1
327,[H][C@]12COC(=O)[C@]1([H])[C@H](C1=CC(OC)=C(O)C(OC)=C1)C1=C(C=C3OCOC3=C1)[C@H]2O[C@]1([H])O[C@]2([H])CO[C@H](O[C@@]2([H])[C@H](O)[C@H]1O)C1=CC=CS1,0
205,C1CC[C@H]([C@@H](C1)CN2CCN(CC2)C3=NSC4=CC=CC=C43)CN5C(=O)[C@H]6[C@@H]7CC[C@@H](C7)[C@H]6C5=O,1
128,CN(C)CCCC1(C2=C(CO1)C=C(C=C2)C#N)C3=CC=C(C=C3)F,1
142,CN(C)CCC[C@@]1(C2=C(CO1)C=C(C=C2)C#N)C3=CC=C(C=C3)F,1
304,[H][C@]12SCC(CSC3=NN=NN3CS(O)(=O)=O)=C(N1C(=O)[C@H]2NC(=O)[C@H](O)C1=CC=CC=C1)C(O)=O,0
312,[H][C@@]12CN(C(=O)[C@@]([H])(NC(=O)O[C@]3([H])CCC[C@@]3([H])OC\C=C\C(F)(F)C3=NC4=C(C=CC=C4)N=C3O1)C(C)(C)C)[C@@]([H])(C2)C(=O)N[C@@]1(C[C@H]1C(F)F)C(=O)NS(=O)(=O)C1(C)CC1,0
23,CNCCC=C1C2=CC=CC=C2CCC3=CC=CC=C31,1
135,CN(C)CCC=C1C2=CC=CC=C2CCC3=CC=CC=C31,1
325,NC1=NC(=O)N(C[C@@H](CO)OCP(O)(O)=O)C=C1,0
156,CCC(C)N1C(=O)N(C=N1)C2=CC=C(C=C2)N3CCN(CC3)C4=CC=C(C=C4)OC[C@H]5CO[C@](O5)(CN6C=NC=N6)C7=C(C=C(C=C7)Cl)Cl,1
36,CCN1CCCC1CNC(=O)C2=C(C=CC(=C2)S(=O)(=O)N)OC,1
125,CCN1CCCC1CNC(=O)C2=CC(=C(C=C2OC)N)S(=O)(=O)CC,1
246,COC1=CC(=CC(C(=O)NCC2CCCN2CC=C)=C1OC)S(N)(=O)=O,0
335,COC1=C(OCCCN2CCOCC2)C=CC2=C1N=C(NC(=O)C1=CN=C(N)N=C1)N1CCN=C21,0
61,C1=CC=C2C(=C1)C(=O)NC2(C3=CC(=C(C=C3)Cl)S(=O)(=O)N)O,1
388,NC(N)=NCCN1CCCCCCC1,0
389,[H][C@@]12OC3=C(OCC)C=CC4=C3[C@@]11CCN(C)[C@]([H])(C4)[C@]1([H])C=C[C@@H]2O,0
162,CN(CCCN1CCC2=CC(=C(C=C2CC1=O)OC)OC)C[C@H]3CC4=CC(=C(C=C34)OC)OC,1
149,CCCNCC(COC1=CC=CC=C1C(=O)CCC2=CC=CC=C2)O,1
177,C[C@H]1COC2=C3N1C=C(C(=O)C3=CC(=C2N4CCN(CC4)C)F)C(=O)O,1
93,C[C@@]1([C@@H](N2[C@H](S1(=O)=O)CC2=O)C(=O)O)CN3C=CN=N3,1
319,[H][C@]12CN([C@H](C(=O)N[C@@H](C[C@]3([H])CCNC3=O)C#N)[C@@]1([H])C2(C)C)C(=O)[C@@H](NC(=O)C(F)(F)F)C(C)(C)C,0
275,C[C@@H]1O[C@@H](OC[C@H]2O[C@@H](OC3=C(OC4=CC(O)=CC(O)=C4C3=O)C3=CC(O)=C(O)C=C3)[C@H](O)[C@@H](O)[C@@H]2O)[C@H](O)[C@H](O)[C@H]1O,0
266,OC1=CC=C(C=C1)C1CNCCC2=C(Cl)C(O)=C(O)C=C12,0
1,CC(C)COCC(CN(CC1=CC=CC=C1)C2=CC=CC=C2)N3CCCC3,1
190,C1CN2CCC1[C@H](C2)OC(=O)N3CCC4=CC=CC=C4[C@@H]3C5=CC=CC=C5,1
60,C1CCS(=O)(=O)N(C1)C2=CC=C(C=C2)S(=O)(=O)N,1
27,CC1=C(N=CN1)CSCCNC(=NC)NC#N,1
48,CC1=NC=C(N1CCO)[N+](=O)[O-],1
106,CCN(CC)C(=O)[C@@]1(C[C@@H]1CN)C2=CC=CC=C2,1
218,NC1CC1C1=CC=CC=C1,0
25,CCCCN(CCCC)CCC(C1=C2C=CC(=CC2=C3C=C(C=C(C3=C1)Cl)Cl)C(F)(F)F)O,1
161,C1CN(CC=C1N2C3=CC=CC=C3NC2=O)CCCC(=O)C4=CC=C(C=C4)F,1
400,C[C@]12CC[C@H]3[C@@H](CCC4=CCCC[C@H]34)[C@@H]1CC[C@@]2(O)C#C,0
5,CCC(COC(=O)C1=CC(=C(C(=C1)OC)OC)OC)(C2=CC=CC=C2)N(C)C,1
73,CC(C)C[C@@H](C(=O)[C@]1(CO1)C)NC(=O)[C@H](CC2=CC=CC=C2)NC(=O)[C@H](CC(C)C)NC(=O)[C@H](CCC3=CC=CC=C3)NC(=O)CN4CCOCC4,1
221,CCOC(=O)C1(CCN(CCC2=CC=C(N)C=C2)CC1)C1=CC=CC=C1,0
334,[2H]C([2H])([2H])NC(=O)C1=C(NC2=CC=CC(C3=NN(C)C=N3)=C2OC)C=C(NC(=O)C2CC2)N=N1,0
263,CCOC(=O)[C@H](CCC1=CC=CC=C1)N[C@@H](C)C(=O)N1CC2=CC(OC)=C(OC)C=C2C[C@H]1C(O)=O,0
340,CC(C)OC1=C(F)C=C(C=C1)C1=NN([C@@H](C)C2=C(C3=CC=CC(F)=C3)C(=O)C3=CC(F)=CC=C3O2)C2=C1C(N)=NC=N2,0
355,O=C(CCCC1=CC=CC=C1)OCC(COC(=O)CCCC1=CC=CC=C1)OC(=O)CCCC1=CC=CC=C1,0
346,CC1=CN=C(NC2=CC=C(OCCN3CCCC3)C=C2)N=C1NC1=CC=CC(=C1)S(=O)(=O)NC(C)(C)C,0
11,C1=COC(=C1)CNC2=CC(=C(C=C2C(=O)O)S(=O)(=O)N)Cl,1
133,CCCCC1=C(C2=CC=CC=C2O1)C(=O)C3=CC(=C(C(=C3)I)OCCN(CC)CC)I,1
160,CCCCC1=C(C2=C(O1)C=CC(=C2)NS(=O)(=O)C)C(=O)C3=CC=C(C=C3)OCCCN(CCCC)CCCC,1
66,CN(CCCNC(=O)C1CCCO1)C2=NC3=CC(=C(C=C3C(=N2)N)OC)OC,1
403,COC1=CC(CC2C3=C(OC)C(OC)=C(OC)C=C3CC[N+]2(C)CCCOC(=O)CCC(=O)OCCC[N+]2(C)CCC3=CC(OC)=C(OC)C(OC)=C3C2CC2=CC(OC)=C(OC)C(OC)=C2)=CC(OC)=C1OC,0
377,CCN(CCO)CCN1C(CC2=CC=CC=C2)=NC2=C1C(=O)N(C)C(=O)N2C,0
244,CN(C)CCC=C1C2=CC=CC=C2C(C)(C)C2=CC=CC=C12,0
12,CN(C)CCOC(C1=CC=CC=C1)C2=CC=CC=C2,1
121,CCC(=O)C(CC(C)N(C)C)(C1=CC=CC=C1)C2=CC=CC=C2,1
181,C1=CC=C(C(=C1)C(C2=CC=C(C=C2)Cl)C(Cl)Cl)Cl,1
182,CC1=CC(=C(C=C1)O)[C@H](CCN(C(C)C)C(C)C)C2=CC=CC=C2,1
380,CCC(=O)C(CCN(C)C)(C1=CC=CC=C1)C1=CC=CC=C1,0
220,OC(=O)C1=C(O)C=CC(=C1)C1=C(F)C=C(F)C=C1,0
311,[H][C@]12SC(C)(C)[C@@H](N1C(=O)[C@H]2NC(=O)[C@H](C(O)=O)C1=CSC=C1)C(O)=O,0
175,C[C@@H](C1=NC=NC=C1F)[C@](CN2C=NC=N2)(C3=C(C=C(C=C3)F)F)O,1
130,CN(C)C(=O)C1=CC2=CN=C(N=C2N1C3CCCC3)NC4=NC=C(C=C4)N5CCNCC5,1
88,CNCCCC12CCC(C3=CC=CC=C31)C4=CC=CC=C24,1
206,CC(C)C1=NC(=CS1)CN(C)C(=O)N[C@@H](C(C)C)C(=O)N[C@@H](CC2=CC=CC=C2)C[C@@H]([C@H](CC3=CC=CC=C3)NC(=O)OCC4=CN=CS4)O,1
55,C1C[C@@H]2CN(C(=O)C3=CC=CC(=C23)C1)[C@@H]4CN5CCC4CC5,1
358,COC1=CC(N)=C(Cl)C=C1C(=O)NC1CCN(CC2=CC=CC=C2)CC1,0
297,[H][C@@]1(C[C@@](C)(O)[C@@H](OC(=O)CC)[C@H](C)O1)O[C@@H]1[C@@H](C)O[C@@]([H])(O[C@H]2[C@@H](CC=O)C[C@@H](C)[C@@H](O)\C=C\C=C\C[C@@H](C)OC(=O)C[C@@]([H])(OC(=O)CC)[C@@H]2OC)[C@H](O)[C@H]1N(C)C,0
323,CO[C@H]1[C@@H](CC(=O)O[C@H](C)C\C=C\C=C\[C@H](O)[C@H](C)C[C@H](CC=O)[C@@H]1O[C@@H]1O[C@H](C)[C@@H](O[C@H]2C[C@@](C)(O)[C@@H](OC(=O)CC(C)C)[C@H](C)O2)[C@@H]([C@H]1O)N(C)C)OC(C)=O,0
137,COC1=CC2=C(C=CN=C2C=C1)[C@@H]([C@H]3C[C@@H]4CCN3C[C@@H]4C=C)O,1
157,COC1=CC2=C(C=CN=C2C=C1)[C@H]([C@@H]3C[C@@H]4CCN3C[C@@H]4C=C)O,1
211,[H][C@@]12CC3=CN(C)C4=C3C(=CC=C4)C1=C[C@H](CN2C)C(=O)NC(CC)CO,0
302,[H][C@@](CO)(C(C)C)N1C=C(C(O)=O)C(=O)C2=C1C=C(OC)C(CC1=C(F)C(Cl)=CC=C1)=C2,0
41,CC(C)NCC(COC1=CC=CC2=CC=CC=C21)O,1
383,COC1=CC(OC)=C(Cl)C2=C1C(=O)[C@]1(O2)[C@H](C)CC(=O)C=C1OC,0
47,C1=CC(=CC=C1C#N)C(C2=CC=C(C=C2)C#N)N3C=NC=N3,1
329,C\C(\C=C\C1=C(C)CCCC1(C)C)=C\C=C\C(\C)=C\C(O)=O,0
375,CC1=CC[C@H](C[C@@H]1O)C(C)(C)O,0
370,OC1=CC=C(C=C1)C1(OC(=O)C2=CC=CC=C12)C1=CC=C(O)C=C1,0
293,COC(=O)NC1=C(N)N=C(N=C1N)C1=NN(CC2=CC=CC=C2F)C2=C1C=C(F)C=N2,0
243,NC(=O)C1=CC=C2C[C@H]3N(CC4CC4)CC[C@@]4(CC(=O)CC[C@@]34O)C2=C1O,0
203,C1CCC(CC1)C(CCN2CCCCC2)(C3=CC=CC=C3)O,1
71,C1CN(CCN1CCOCC(=O)O)C(C2=CC=CC=C2)C3=CC=C(C=C3)Cl,1
101,C1CN(CCN1CCOCC(=O)O)[C@H](C2=CC=CC=C2)C3=CC=C(C=C3)Cl,1
126,C1CN(CCN1CCOCCO)C(C2=CC=CC=C2)C3=CC=C(C=C3)Cl,1
154,COC1=C2C(=CC(=C1N3C[C@@H]4CCCN[C@@H]4C3)F)C(=O)C(=CN2C5CC5)C(=O)O,1
322,CC1=NOC(NS(=O)(=O)C2=CC=C(N)C=C2)=C1C,0
63,C1CN=C(N1)NC2=C(C=CC3=NSN=C32)Cl,1
199,C[C@@H](CNC1=NC=CC(=N1)C2=CN(N=C2C3=C(C(=CC(=C3)Cl)NS(=O)(=O)C)F)C(C)C)NC(=O)OC,1
282,CC1=[N+]([O-])C=C(N=C1)C(O)=O,0
276,CC(CC1=CC=CC=C1)NCCC(C1=CC=CC=C1)C1=CC=CC=C1,0
354,[H][C@@](CC)(NC1=NC=NC2=C1N=CN2)C1=NC2=CC=CC(F)=C2C(=O)N1C1=CC=CC=C1,0
235,OCC(O)COC(=O)C1=CC=CC=C1NC1=CC=NC2=C(C=CC=C12)C(F)(F)F,0
391,CCN(CC)CC1=C(O)C=CC(NC2=C3C=CC(Cl)=CC3=NC=C2)=C1,0
99,C[C@H]1[C@@H]([C@H](C[C@@H](O1)O[C@H]2C[C@@](CC3=C2C(=C4C(=C3O)C(=O)C5=C(C4=O)C(=CC=C5)OC)O)(C(=O)CO)O)N)O,1
108,C[C@H]1[C@H]([C@H](C[C@@H](O1)O[C@H]2C[C@@](CC3=C2C(=C4C(=C3O)C(=O)C5=C(C4=O)C(=CC=C5)OC)O)(C(=O)CO)O)N)O,1
394,O=C(C1CCCCC1)N1CC2N(CCC3=CC=CC=C23)C(=O)C1,0
113,CO[C@H]1CN(CC[C@H]1NC(=O)C2=CC(=C(C=C2OC)N)Cl)CCCOC3=CC=C(C=C3)F,1
33,CN(C)CCCN1C2=CC=CC=C2SC3=C1C=C(C=C3)Cl,1
76,CC(CN1C2=CC=CC=C2SC3=CC=CC=C31)N(C)C,1
215,CCN(CC)C(C)CN1C2=CC=CC=C2SC2=CC=CC=C12,0
196,CC(=O)S[C@@H]1CC2=CC(=O)CC[C@@]2([C@@H]3[C@@H]1[C@@H]4CC[C@]5([C@]4(CC3)C)CCC(=O)O5)C,1
381,OC(=O)CSCC(=O)NC1CCSC1=O,0
53,C1CN2C(=N1)C3=CC=CC=C3C2(C4=CC=C(C=C4)Cl)O,1
98,C1[C@@H]([C@H](O[C@H]1N2C=NC(=NC2=O)N)CO)O,1
320,[H][C@@]12C(=O)CC[C@]11CCC(C)[C@@]2(C)[C@@H](C[C@@](C)(C=C)[C@@H](O)[C@@H]1C)OC(=O)CS[C@@H]1CC[C@@H](N)C[C@H]1O,0
314,CCN1C=C(C(O)=O)C(=O)C2=CC(F)=C(C=C12)N1CCN(C)CC1,0
139,CC1=NC=CN1CC2CCC3=C(C2=O)C4=CC=CC=C4N3C,1
366,CC[N+]1(C)CCCC(C1)OC(=O)C(O)(C1=CC=CC=C1)C1=CC=CC=C1,0
96,C1=CC=C2C(=C1)C=CC3=CC=CC=C3N2C(=O)N,1
395,COC1=CC(NCC2=C(C)C3=C(C=C2)N=C(N)N=C3N)=CC(OC)=C1OC,0
306,[H][C@]12SCC(C[N+]3(CCNC(=O)C4=C(Cl)C(O)=C(O)C=C4)CCCC3)=C(N1C(=O)[C@H]2NC(=O)C(=N/OC(C)(C)C(O)=O)\C1=CSC(N)=N1)C([O-])=O,0
141,C1CN(CCC1(C2=CC=C(C=C2)Cl)O)CCCC(=O)C3=CC=C(C=C3)F,1
347,COC(=O)\C=C\C(=O)OCCN1C(=O)CCC1=O,0
7,C[C@H](CCCC(C)C)[C@H]1CC[C@@H]\2[C@@]1(CCC/C2=C\C=C/3\C[C@H](C[C@@H](C3=C)O)O)C,1
195,C1CC2=C(C=CC(=C2)F)OC1C(CNCC(C3CCC4=C(O3)C=CC(=C4)F)O)O,1
226,CC1=CC(=NO1)C(=O)NNCC1=CC=CC=C1,0
309,OS(=O)(=O)ON1[C@H]2C[N@]([C@@H](CC2)C(=O)NC2CCNCC2)C1=O,0
242,CC1=NN(C(=O)C1)C1=CC=CC=C1,0
87,CC(C)CN(C[C@H]([C@H](CC1=CC=CC=C1)NC(=O)O[C@H]2CCOC2)O)S(=O)(=O)C3=CC=C(C=C3)N,1
384,CC1=CC(N)=C2C=CC=CC2=[N+]1CCCCCCCCCC[N+]1=C(C)C=C(N)C2=C1C=CC=C2,0
31,CC1=C(C(=CC=C1)C)OCC(=O)N[C@@H](CC2=CC=CC=C2)[C@H](C[C@H](CC3=CC=CC=C3)NC(=O)[C@H](C(C)C)N4CCCNC4=O)O,1
19,CN1CCN(CC1)C(=O)OC2C3=NC=CN=C3C(=O)N2C4=NC=C(C=C4)Cl,1
57,C1CCC(CC1)N2C(=NN=N2)CCCCOC3=CC4=C(C=C3)NC(=O)CC4,1
165,CN1CCCCC1CCC2=CC=CC=C2NC(=O)C3=CC=C(C=C3)OC,1
350,OC(=O)[C@@H]1CSCN1C(=O)[C@@H]1CCC(=O)N1,0
356,CCCCN1C[C@H](O)[C@@H](O)[C@H](O)[C@H]1CO,0
112,CN1C2=C(C(=O)N(C1=O)C)NC=N2,1
283,CN(CCO)CC(O)CN1C=NC2=C1C(=O)N(C)C(=O)N2C,0
34,C[C@@](C1=CC=CC=C1)(C2=CC=C(C=C2)Cl)OCC[C@H]3CCCN3C,1
84,C1CN=C(N1)NC2=C(C=CC=C2Cl)Cl,1
379,CC(C)(CO)C1=CC2=CC(NC(=O)C3(CC3)C3=CC=C4OC(F)(F)OC4=C3)=C(F)C=C2N1C[C@@H](O)CO,0
288,[H][C@]12N3CCC[C@@]1(CC)C[C@@](O)(N1C4=CC=CC=C4C(CC3)=C21)C(=O)OC,0
35,CC(=O)NC[C@H]1CN(C(=O)O1)C2=CC(=C(C=C2)N3CCOCC3)F,1
231,CN1C(=O)CC(C)(C1=O)C1=CC=CC=C1,0
321,[H][C@]12CC[C@@]3([H])[C@@]4(C)COC[C@@]3(C[C@H]([C@@H]4OC[C@](C)(N)C(C)(C)C)N3N=CN=C3C3=CC=NC=C3)C1=CC[C@@]1(C)[C@H](C(O)=O)[C@](C)(CC[C@]21C)[C@H](C)C(C)C,0
362,NC(=O)N1CCC(CC(=O)N2CCC(CC2)[C@H]2C3=C(CCC4=C2C(Br)=CC(Cl)=C4)C=C(Br)C=N3)CC1,0
146,C[C@@]12[C@@H]([C@@H](C[C@@H](O1)N3C4=CC=CC=C4C5=C6C(=C7C8=CC=CC=C8N2C7=C53)CNC6=O)N(C)C(=O)C9=CC=CC=C9)OC,1
371,O=C(CN1CCN(CC2=CC3=C(OCO3)C=C2)CC1)N1C2=CC=CC=C2SC2=CC=CC=C12,0
392,COC(=O)NC1=NC2=C(N1)C=C(C=C2)C(=O)C1=CC=CC=C1,0
287,C[C@H](CSC(=O)C1=CC=CC=C1)C(=O)N1C[C@H](C[C@H]1C(O)=O)SC1=CC=CC=C1,0
227,FC1=CC=CC=C1C1=NCC(=S)N(CC(F)(F)F)C2=C1C=C(Cl)C=C2,0
18,C1CN(CCN1CC/C=C\2/C3=CC=CC=C3SC4=C2C=C(C=C4)Cl)CCO,1
237,COC1=C(OC)C(=O)C(CCCCCCCCCCO)=C(C)C1=O,0
107,C1=CC(=C(C(=C1)Cl)Cl)C2=C(N=C(N=N2)N)N,1
159,CN1C=C(C2=CC=CC=C21)C3=NC(=NC=C3)NC4=C(C=C(C(=C4)NC(=O)C=C)N(C)CCN(C)C)OC,1
336,C[C@H](NC1=C2N=CNC2=NC=N1)C1=CC2=CC=CC(Cl)=C2C(=O)N1C1=CC=CC=C1,0
127,CC1=C(C=C(C=C1)C(=O)NC2=CC(=CC(=C2)C(F)(F)F)N3C=C(N=C3)C)NC4=NC=CC(=N4)C5=CN=CC=C5,1
122,CN(C)C(=O)C(CCN1CCC(CC1)(C2=CC=C(C=C2)Cl)O)(C3=CC=CC=C3)C4=CC=CC=C4,1
173,CN[C@H]1CC[C@H](C2=CC=CC=C12)C3=CC(=C(C=C3)Cl)Cl,1
349,CC\C(=C(\CC)C1=CC=C(O)C=C1)C1=CC=C(O)C=C1,0
252,COC1=C(CNCC[C@]2(CCOC3(CCCC3)C2)C2=NC=CC=C2)SC=C1,0
225,NC1=NC(=O)C(O1)C1=CC=CC=C1,0
352,CCN1C(=O)C(=CC2=C1C=C(NC)N=C2)C1=C(Br)C=C(F)C(NC(=O)NC2=CC=CC=C2)=C1,0
343,CCN1CCN(CC1)C1=CC=C(NC2=CC(=NC=N2)N(C)C(=O)NC2=C(Cl)C(OC)=CC(OC)=C2Cl)C=C1,0
238,CC1OC(C)OC(C)O1,0
144,CCC1=C(N=C(C(=N1)C(=O)N)NC2=CC(=C(C=C2)N3CCC(CC3)N4CCN(CC4)C)OC)NC5CCOCC5,1
368,CC(C)C(=O)OCC\C(SS\C(CCOC(=O)C(C)C)=C(/C)N(CC1=C(N)N=C(C)N=C1)C=O)=C(\C)N(CC1=C(N)N=C(C)N=C1)C=O,0
295,COC1=CN=C(O[C@@H]2C[C@H](N(C2)C(=O)[C@@H](NC(=O)OC(C)(C)C)C(C)(C)C)C(=O)N[C@@]2(C[C@H]2C=C)C(=O)NS(=O)(=O)C2CC2)C2=C1C=CC(Cl)=C2,0
398,OC1=CC=CC=C1C(=O)OC1=CC=CC=C1,0
318,FC(F)(F)C1=CC=C(C=C1)C(=O)NN1C(=O)[C@H]2[C@H]([C@H]3C=C[C@@H]2[C@@H]2C[C@H]32)C1=O,0
59,C1=CC=C2C(=C1)C(=NO2)CS(=O)(=O)N,1
152,CC[C@@H]1[C@@]([C@@H]([C@H](C(=O)[C@@H](C[C@@]([C@@H]([C@H]([C@@H]([C@H](C(=O)O1)C)O[C@H]2C[C@@]([C@H]([C@@H](O2)C)O)(C)OC)C)O[C@H]3[C@@H]([C@H](C[C@H](O3)C)N(C)C)O)(C)OC)C)C)O)(C)O,1
166,CC[C@@H]1[C@@]([C@@H]([C@H](C(=O)[C@@H](C[C@@]([C@@H]([C@H]([C@@H]([C@H](C(=O)O1)C)O[C@H]2C[C@@]([C@H]([C@@H](O2)C)O)(C)OC)C)O[C@H]3[C@@H]([C@H](C[C@H](O3)C)N(C)C)O)(C)O)C)C)O)(C)O,1
202,CC(CCC1=CC=C(C=C1)O)NCCC2=CC(=C(C=C2)O)O,1
279,CC(CCC1=CC=CC=C1)NC(C)C(O)C1=CC=C(O)C=C1,0
331,[H][C@]12CN3C4=C([C@@H](COC(N)=O)[C@@]3(OC)[C@@]1([H])N2)C(=O)C(N)=C(C)C4=O,0
364,[H][C@@]12CSSC[C@H](NC(=O)CNC(=O)[C@@]([H])(NC(=O)[C@]([H])(CSSC[C@H](NC(=O)[C@H](CCC(O)=O)NC(=O)[C@H](CC(O)=O)NC(=O)[C@@H](N)CC(N)=O)C(=O)N[C@@H](CCC(O)=O)C(=O)N[C@@H](CC(C)C)C(=O)N1)NC(=O)[C@H](C)NC(=O)[C@@H](NC(=O)[C@H](CC(N)=O)NC(=O)[C@@H](NC2=O)C(C)C)C(C)C)[C@@H](C)O)C(=O)N[C@@H](CC(C)C)C(O)=O,0
386,CCCS(=O)(=O)N[C@H]1C[C@H](C1)N(C)C1=C2C=CNC2=NC=N1,0
124,CC(C)N(CCC(C1=CC=CC=C1)(C2=CC=CC=N2)C(=O)N)C(C)C,1
104,COC1=C(C=C2C(=C1)C(=NC(=N2)N3CCN(CC3)C(=O)C4=CC=CO4)N)OC,1
208,CN1C=NC2=C1C=C(C(=C2F)NC3=C(C=C(C=C3)Br)F)C(=O)NOCCO,1
332,CN1C=NC2=C(F)C(NC3=C(Cl)C=C(Br)C=C3)=C(C=C12)C(=O)NOCCO,0
405,COC1=CC=CC(=C1F)C1=C(C)N(CC2=C(C=CC=C2F)C(F)(F)F)C(=O)N(C[C@H](NCCCC(O)=O)C2=CC=CC=C2)C1=O,0
240,CN1CCC(CC1)C(=O)C1=CC=CC(NC(=O)C2=C(F)C=C(F)C=C2F)=N1,0
255,[H][C@@]1(CCCCN1C(=O)OC[N+]1=CC=CC(=C1)C(=O)N[C@@H](CO)C([O-])=O)[C@H](C(=O)OC)C1=CC=CC=C1,0
103,C1=CC=C(C=C1)[C@H](CNCCC2=CC=C(C=C2)NC(=O)CC3=CSC(=N3)N)O,1
78,CC(C)(C)C1=NC(=C(S1)C2=NC(=NC=C2)N)C3=C(C(=CC=C3)NS(=O)(=O)C4=C(C=CC=C4F)F)F,1
229,FC1=CC=C(C=C1)C(N1CCN(C\C=C\C2=CC=CC=C2)CC1)C1=CC=C(F)C=C1,0
367,C\C(\C=C\C=C(/C)\C=C\C1=C(C)CCCC1(C)C)=C/C=C/C=C(\C)/C=C/C=C(\C)/C=C/C1=C(C)CCCC1(C)C,0
262,CCOC(=O)NC1=CC2=C(SC3=CC=CC=C3N2C(=O)CCN2CCOCC2)C=C1,0
396,COC1=CC(C)=C2C(OC3=CC=CC(=C3)C(F)(F)F)=C(OC)C=C(NC(C)CCCN)C2=N1,0
148,CC(=O)C1=CC(=C(C=C1)OCCCN2CCC(CC2)C3=NOC4=C3C=CC(=C4)F)OC,1
197,CC[C@@H]1[C@@]2([C@@H]([C@H](C(=O)[C@@H](C[C@@]([C@@H]([C@H](C(=O)[C@H](C(=O)O1)C)C)O[C@H]3[C@@H]([C@H](C[C@H](O3)C)N(C)C)O)(C)OC)C)C)N(C(=O)O2)CCCCN4C=C(N=C4)C5=CN=CC=C5)C,1
28,CC(CS(=O)(=O)C1=CC=C(C=C1)F)(C(=O)NC2=CC(=C(C=C2)C#N)C(F)(F)F)O,1
2,COC1=C(C=C2C(=C1)CC(C2=O)CC3CCN(CC3)CC4=CC=CC=C4)OC,1
170,CCCS(=O)(=O)NC1=C(C(=C(C=C1)F)C(=O)C2=CNC3=C2C=C(C=N3)C4=CC=C(C=C4)Cl)F,1
85,CCC(CC)[C@@H]([C@H]1[C@@H](C[C@@H]([C@H]1O)C(=O)O)N=C(N)N)NC(=O)C,1
44,CCCCCCC(=O)OCC(COC(=O)CCCCCC)OC(=O)CCCCCC,1
186,C[C@H](C(=O)N[C@H](CCCN=C(N)N)C(=O)N)NC(=O)[C@@H](CCCN=C(N)N)NC(=O)[C@@H](CCCN=C(N)N)NC(=O)[C@@H](CCCN=C(N)N)NC(=O)[C@@H](C)NC(=O)[C@@H](CSSC[C@@H](C(=O)O)N)NC(=O)C,1
209,CCC(O)(\C=C\Cl)C#C,0
234,CC(=O)O[C@H](CC([O-])=O)C[N+](C)(C)C,0
280,CCCCCCCCCCCCOCCOCCOCCOCCOCCOCCOCCOCCOCCO,0
285,CC(C)(CCCCCC(O)CCCCCC(C)(C)C(O)=O)C(O)=O,0
291,[H][C@@](O)(COP(O)(O)=O)[C@@]([H])(O)[C@]([H])(O)C(=O)COP(O)(O)=O,0
338,CS(=O)(=O)OC[C@H](O)[C@@H](O)COS(C)(=O)=O,0
341,NCC(=O)CCC(O)=O,0
363,CNC(C)CCC=C(C)C,0
345,NC1=NC2=NC=C(CC(CC#C)C3=CC=C(C=C3)C(=O)N[C@@H](CCC(O)=O)C(O)=O)N=C2C(N)=N1,0
150,CC[C@@H]([C@H](C)O)N1C(=O)N(C=N1)C2=CC=C(C=C2)N3CCN(CC3)C4=CC=C(C=C4)OC[C@H]5C[C@](OC5)(CN6C=NC=N6)C7=C(C=C(C=C7)F)F,1
210,CCC(C)C1(CC)C(=O)NC(=O)NC1=O,0
216,CCCC(C)C1(CC=C)C(=O)NC(=O)NC1=O,0
217,CCC#CC(C)C1(CC=C)C(=O)NC(=O)N(C)C1=O,0
42,C[C@@H]1C2=C(C=CC(=C2)F)C(=O)N(CC3=NN(C(=C3C4=CC(=C(N=C4)N)O1)C#N)C)C,1
67,CC(C)CC(C1(CCC1)C2=CC=C(C=C2)Cl)N(C)C,1
267,CC1=NC2=C(CCN(C(=O)C3=CC=C(NC(=O)C4=CC=CC=C4C4=CC=CC=C4)C=C3)C3=CC=CC=C23)N1,0
272,CC(C)(C)NC[C@H](O)COC1=CC=CC=C1C1CCCC1,0
64,CC(=O)O[C@@H]1[C@@H](SC2=CC=CC=C2N(C1=O)CCN(C)C)C3=CC=C(C=C3)OC,1
8,C1C(=O)NC2=C(C=C(C=C2)Br)C(=N1)C3=CC=CC=N3,1
230,[H][C@@]12CC[C@H](C(C)=O)[C@@]1(C)CC[C@@]1([H])[C@@]2([H])CC[C@@]2([H])C[C@](C)(O)CC[C@]12C,0
241,[H][C@@]1(CC[C@@]2([H])[C@]3([H])CC[C@@]4([H])C[C@H](O)CC[C@]4(C)[C@@]3([H])CC[C@]12C)C(C)=O,0
359,[H][C@@](C)(CCC(O)=O)[C@@]1([H])CC[C@@]2([H])[C@]3([H])[C@]([H])(O)C[C@]4([H])C[C@]([H])(O)CC[C@]4(C)[C@@]3([H])C[C@]([H])(O)[C@]12C,0
360,[H][C@@]1(CC[C@@]2([H])[C@]3([H])[C@H](O)[C@H](CC)[C@]4([H])C[C@H](O)CC[C@]4(C)[C@@]3([H])CC[C@]12C)[C@H](C)CCC(O)=O,0
140,CCC1=NC=CC(=C1)C(=S)N,1
296,COC[C@H]1C[C@H](N(C1)C(=O)[C@H](NC(=O)OC)C1=CC=CC=C1)C1=NC=C(N1)C1=CC=C2C(COC3=CC4=C(C=CC5=C4NC(=N5)[C@@H]4CC[C@H](C)N4C(=O)[C@@H](NC(=O)OC)C(C)C)C=C23)=C1,0
169,CC1=CC(=CC(=C1NC2=NC(=NC=C2)NC3=CC=C(C=C3)C#N)C)/C=C/C#N,1
6,C1CN(CCC1N2C3=C(C=C(C=C3)Cl)NC2=O)CCCN4C5=CC=CC=C5NC4=O,1
299,COC1=NSN=C1NS(=O)(=O)C1=CC=C(N)C=C1,0
100,CCC1=CC2=C(C=C1N3CCC(CC3)N4CCOCC4)C(C5=C(C2=O)C6=C(N5)C=C(C=C6)C#N)(C)C,1
81,COC1=CC=CC=C1OCCNCC(COC2=CC=CC3=C2C4=CC=CC=C4N3)O,1
171,CN1CC[C@@]23C=C[C@@H](C[C@@H]2OC4=C(C=CC(=C34)C1)OC)O,1
115,CN(C)CC[C@@](C1=CC=CC2=CC=CC=C21)([C@H](C3=CC=CC=C3)C4=C(N=C5C=CC(=CC5=C4)Br)OC)O,1
290,C[C@H]1CCC[C@@H](C)N1NC(=O)C1=CC=C(Cl)C(=C1)S(N)(=O)=O,0
131,CC[C@@H]1[C@@]([C@@H]([C@H](N(C[C@@H](C[C@@]([C@@H]([C@H]([C@@H]([C@H](C(=O)O1)C)O[C@H]2C[C@@]([C@H]([C@@H](O2)C)O)(C)OC)C)O[C@H]3[C@@H]([C@H](C[C@H](O3)C)N(C)C)O)(C)O)C)C)C)O)(C)O,1
168,C1CN(CCC1N2C3=CC=CC=C3NC2=O)CCCC(C4=CC=C(C=C4)F)C5=CC=C(C=C5)F,1
45,CC1=CN=C(C(=C1OC)C)CS(=O)C2=NC3=C(N2)C=C(C=C3)OC,1
80,COC1=C(C(=NC=C1)CS(=O)C2=NC3=C(N2)C=C(C=C3)OC(F)F)OC,1
86,CC1=C(C=CN=C1CS(=O)C2=NC3=CC=CC=C3N2)OCC(F)(F)F,1
193,CC(C)CN(C[C@H]([C@H](CC1=CC=CC=C1)NC(=O)O[C@H]2CO[C@@H]3[C@H]2CCO3)O)S(=O)(=O)C4=CC=C(C=C4)N,1
